{
  "individual": {
    "score_a.json": {
      "contingency_table": [
        [
          90.0,
          4.0
        ],
        [
          1.0,
          5.0
        ]
      ],
      "kappa": 0.6408045977011491,
      "disagreements": {
        "llm-positive": [
          49
        ],
        "llm-negative": [
          19,
          48,
          69,
          79
        ]
      }
    },
    "score_b.json": {
      "contingency_table": [
        [
          83.0,
          11.0
        ],
        [
          1.0,
          5.0
        ]
      ],
      "kappa": 0.40239043824701193,
      "disagreements": {
        "llm-positive": [
          49
        ],
        "llm-negative": [
          7,
          8,
          19,
          27,
          31,
          41,
          48,
          62,
          65,
          69,
          93
        ]
      }
    },
    "score_c.json": {
      "contingency_table": [
        [
          88.0,
          6.0
        ],
        [
          2.0,
          4.0
        ]
      ],
      "kappa": 0.4594594594594598,
      "disagreements": {
        "llm-positive": [
          44,
          49
        ],
        "llm-negative": [
          21,
          27,
          50,
          62,
          93,
          95
        ]
      }
    }
  },
  "average": 0.5008848318025403,
  "all_llm_positive": [
    12,
    30,
    44,
    49,
    71,
    96
  ]
}
