{
  "tp": {
    "no_severity": 39,
    "average": 7.286411889596603,
    "fraction_critical": 0.22717622080679406,
    "values": {
      "3.1": 0.0021231422505307855,
      "3.3": 0.006369426751592357,
      "3.7": 0.006369426751592357,
      "4.3": 0.05732484076433121,
      "4.6": 0.0021231422505307855,
      "4.7": 0.0021231422505307855,
      "4.8": 0.014861995753715499,
      "5.3": 0.03184713375796178,
      "5.4": 0.08492569002123142,
      "5.5": 0.027600849256900213,
      "5.9": 0.010615711252653927,
      "6.1": 0.11889596602972399,
      "6.3": 0.004246284501061571,
      "6.5": 0.06794055201698514,
      "7.1": 0.014861995753715499,
      "7.2": 0.004246284501061571,
      "7.3": 0.012738853503184714,
      "7.5": 0.12314225053078556,
      "7.6": 0.006369426751592357,
      "7.8": 0.04246284501061571,
      "8.0": 0.004246284501061571,
      "8.1": 0.03821656050955414,
      "8.2": 0.006369426751592357,
      "8.3": 0.004246284501061571,
      "8.6": 0.006369426751592357,
      "8.8": 0.07218683651804671,
      "9.0": 0.0021231422505307855,
      "9.1": 0.01910828025477707,
      "9.3": 0.006369426751592357,
      "9.6": 0.006369426751592357,
      "9.8": 0.17834394904458598,
      "9.9": 0.008492569002123142,
      "10.0": 0.006369426751592357
    }
  },
  "all": {
    "no_severity": 876,
    "average": 7.024217235884411,
    "fraction_critical": 0.15465782333433825,
    "values": {
      "1.8": 4.306817692407081e-05,
      "1.9": 4.306817692407081e-05,
      "2.1": 4.306817692407081e-05,
      "2.2": 0.0005168181230888496,
      "2.3": 0.00017227270769628323,
      "2.4": 0.00017227270769628323,
      "2.5": 0.0002584090615444248,
      "2.6": 8.613635384814161e-05,
      "2.7": 0.0032301132693053104,
      "2.8": 0.00017227270769628323,
      "2.9": 0.0006890908307851329,
      "3.1": 0.0014643180154184073,
      "3.2": 0.00034454541539256646,
      "3.3": 0.004220681338558939,
      "3.5": 0.0013781816615702658,
      "3.6": 8.613635384814161e-05,
      "3.7": 0.0025410224385201776,
      "3.8": 0.0007321590077092036,
      "3.9": 0.00021534088462035403,
      "4.0": 0.00017227270769628323,
      "4.1": 0.0005168181230888496,
      "4.2": 0.0007752271846332745,
      "4.3": 0.03622033679314355,
      "4.4": 0.004177613161634868,
      "4.5": 0.0002584090615444248,
      "4.6": 0.0010767044231017701,
      "4.7": 0.002885567853912744,
      "4.8": 0.021060338515870622,
      "4.9": 0.024333519962100005,
      "5.0": 0.0015935225461906199,
      "5.1": 0.00021534088462035403,
      "5.2": 0.00030147723846849563,
      "5.3": 0.042508290624057886,
      "5.4": 0.07709203669408674,
      "5.5": 0.050088289762694346,
      "5.6": 0.0008182953615573453,
      "5.7": 0.001981136138507257,
      "5.8": 0.0007321590077092036,
      "5.9": 0.013867952969550798,
      "6.0": 0.0013781816615702658,
      "6.1": 0.09978896593307206,
      "6.2": 0.00021534088462035403,
      "6.3": 0.004134544984710797,
      "6.4": 0.0010336362461776992,
      "6.5": 0.08794521727895258,
      "6.6": 0.0011197726000258409,
      "6.7": 0.0013351134846461949,
      "6.8": 0.0034023859770015937,
      "6.9": 4.306817692407081e-05,
      "7.0": 0.0022395452000516817,
      "7.1": 0.00697704466169947,
      "7.2": 0.01714113441578018,
      "7.3": 0.0032301132693053104,
      "7.4": 0.002842499676988673,
      "7.5": 0.1469486196649296,
      "7.6": 0.00034454541539256646,
      "7.7": 0.0013351134846461949,
      "7.8": 0.040570222662474696,
      "7.9": 4.306817692407081e-05,
      "8.0": 0.0029286360308368145,
      "8.1": 0.021577156638959472,
      "8.2": 0.003057840561609027,
      "8.3": 0.0008182953615573453,
      "8.4": 0.00043068176924070806,
      "8.5": 0.0010336362461776992,
      "8.6": 0.0030147723846849564,
      "8.7": 0.0005598863000129204,
      "8.8": 0.09272578491752444,
      "8.9": 4.306817692407081e-05,
      "9.0": 0.0020242043154313277,
      "9.1": 0.012102157715663897,
      "9.3": 0.0009474998923295577,
      "9.4": 0.0001292045307722124,
      "9.6": 0.0024548860846720357,
      "9.8": 0.13209009862612517,
      "9.9": 0.0022826133769757524,
      "10.0": 0.002627158792368319
    }
  }
}
