{
  "claude-3-5-sonnet-20240620": {
    "tp": 170,
    "fp": 732,
    "fn": 1533,
    "precision": 0.18847006649795234,
    "recall": 0.09982384027599389,
    "f1": 0.13051823416506717,
    "precision_ci_low": 0.16428891205571575,
    "precision_ci_upp": 0.21529347012884212,
    "recall_ci_low": 0.0864749214512273,
    "recall_ci_upp": 0.1149740514711108,
    "f1_ci_low": 0.10990263675595466,
    "f1_ci_upp": 0.15113383157417967
  },
  "claude-3-haiku-20240307": {
    "tp": 98,
    "fp": 975,
    "fn": 1606,
    "precision": 0.09133271201385529,
    "recall": 0.057511737085826777,
    "f1": 0.07057976233345338,
    "precision_ci_low": 0.07552260336310146,
    "precision_ci_upp": 0.11005853040894983,
    "recall_ci_low": 0.04742044585336227,
    "recall_ci_upp": 0.06959361173878066,
    "f1_ci_low": 0.054801616031749247,
    "f1_ci_upp": 0.08635790863515752
  },
  "claude-3-opus-20240229": {
    "tp": 201,
    "fp": 951,
    "fn": 1503,
    "precision": 0.17447916665152088,
    "recall": 0.11795774647195083,
    "f1": 0.1407563025210084,
    "precision_ci_low": 0.1536549416055808,
    "precision_ci_upp": 0.19746713982137754,
    "recall_ci_low": 0.10349504501063131,
    "recall_ci_upp": 0.13413910816242577,
    "f1_ci_low": 0.1207999955312519,
    "f1_ci_upp": 0.1607126095107649
  },
  "claude-3-sonnet-20240229": {
    "tp": 167,
    "fp": 1437,
    "fn": 1537,
    "precision": 0.10411471321046666,
    "recall": 0.0980046948299293,
    "f1": 0.10096735187424426,
    "precision_ci_low": 0.0901023845666074,
    "precision_ci_upp": 0.12001874209502951,
    "recall_ci_low": 0.08477894507750701,
    "recall_ci_upp": 0.11303886586495705,
    "f1_ci_low": 0.08450599164598169,
    "f1_ci_upp": 0.11742871210250683
  },
  "gemini/gemini-1.5-pro": {
    "tp": 118,
    "fp": 483,
    "fn": 1583,
    "precision": 0.19633943424353753,
    "recall": 0.0693709582557689,
    "f1": 0.10251954821894005,
    "precision_ci_low": 0.16655251600513526,
    "precision_ci_upp": 0.22998356022272687,
    "recall_ci_low": 0.0582413128074269,
    "recall_ci_upp": 0.08244124601924657,
    "f1_ci_low": 0.08187139898702842,
    "f1_ci_upp": 0.12316769745085168
  },
  "gpt-4-turbo-2024-04-09": {
    "tp": 178,
    "fp": 1503,
    "fn": 1526,
    "precision": 0.1058893515701434,
    "recall": 0.10446009389058332,
    "f1": 0.10516986706056129,
    "precision_ci_low": 0.09206815693968728,
    "precision_ci_upp": 0.12150770026444713,
    "recall_ci_low": 0.09081671584665595,
    "recall_ci_upp": 0.11988285287629409,
    "f1_ci_low": 0.08865731910146465,
    "f1_ci_upp": 0.12168241501965793
  },
  "gpt-4o-2024-05-13": {
    "tp": 216,
    "fp": 2090,
    "fn": 1488,
    "precision": 0.0936686903688782,
    "recall": 0.1267605633728427,
    "f1": 0.10773067331670824,
    "precision_ci_low": 0.08244302920749623,
    "precision_ci_upp": 0.10624587719182697,
    "recall_ci_low": 0.11179864499370136,
    "recall_ci_upp": 0.14340154151638204,
    "f1_ci_low": 0.09236569502728036,
    "f1_ci_upp": 0.12309565160613613
  }
}
