{
  "claude-3-5-sonnet-20240620": {
    "before": {
      "tp": 168,
      "fp": 710,
      "fn": 1501,
      "precision": 0.1913439635317376,
      "recall": 0.10065907728576039,
      "f1": 0.1319199057714959,
      "precision_ci_low": 0.16669149244924772,
      "precision_ci_upp": 0.21868555624970046,
      "recall_ci_low": 0.08712883363002866,
      "recall_ci_upp": 0.11602338801581263,
      "f1_ci_low": 0.11099177610430391,
      "f1_ci_upp": 0.15284803543868788
    },
    "after": {
      "tp": 2,
      "fp": 22,
      "fn": 32,
      "precision": 0.0833333329861111,
      "recall": 0.05882352923875432,
      "f1": 0.06896551724137931,
      "precision_ci_low": 0.023158815297043306,
      "precision_ci_upp": 0.25848802193210685,
      "recall_ci_low": 0.016282655210122746,
      "recall_ci_upp": 0.19093606904280996,
      "f1_ci_low": -0.03876887149126222,
      "f1_ci_upp": 0.17669990597402085
    }
  },
  "claude-3-haiku-20240307": {
    "before": {
      "tp": 81,
      "fp": 707,
      "fn": 1209,
      "precision": 0.10279187815954419,
      "recall": 0.0627906976695511,
      "f1": 0.07795957651588065,
      "precision_ci_low": 0.08347908810371726,
      "precision_ci_upp": 0.12595861811046008,
      "recall_ci_low": 0.050806964475637664,
      "recall_ci_upp": 0.07737060912897901,
      "f1_ci_low": 0.058951421854264316,
      "f1_ci_upp": 0.09696773117749698
    },
    "after": {
      "tp": 17,
      "fp": 268,
      "fn": 397,
      "precision": 0.05964912278608802,
      "recall": 0.0410628019224486,
      "f1": 0.04864091559370529,
      "precision_ci_low": 0.037572021045534615,
      "precision_ci_upp": 0.09343915364938757,
      "recall_ci_low": 0.025793243775855356,
      "recall_ci_upp": 0.0647709116516529,
      "f1_ci_low": 0.021862576342083027,
      "f1_ci_upp": 0.07541925484532756
    }
  },
  "claude-3-opus-20240229": {
    "before": {
      "tp": 158,
      "fp": 646,
      "fn": 1132,
      "precision": 0.19651741291088093,
      "recall": 0.12248062014554413,
      "f1": 0.15090735434574978,
      "precision_ci_low": 0.17052109747579594,
      "precision_ci_upp": 0.22539997754256988,
      "recall_ci_low": 0.10570273203468422,
      "recall_ci_upp": 0.14150024375511774,
      "f1_ci_low": 0.12703579377219193,
      "f1_ci_upp": 0.17477891491930764
    },
    "after": {
      "tp": 43,
      "fp": 305,
      "fn": 371,
      "precision": 0.12356321835529792,
      "recall": 0.1038647342744288,
      "f1": 0.11286089238845146,
      "precision_ci_low": 0.09304263041432162,
      "precision_ci_upp": 0.162303794995082,
      "recall_ci_low": 0.07802828904639893,
      "recall_ci_upp": 0.13698498195418715,
      "f1_ci_low": 0.07712947167592601,
      "f1_ci_upp": 0.1485923131009769
    }
  },
  "claude-3-sonnet-20240229": {
    "before": {
      "tp": 124,
      "fp": 1013,
      "fn": 1166,
      "precision": 0.10905892699128769,
      "recall": 0.09612403100030045,
      "f1": 0.10218376596621342,
      "precision_ci_low": 0.09223947233059691,
      "precision_ci_upp": 0.12851114719985618,
      "recall_ci_low": 0.0812172525017267,
      "recall_ci_upp": 0.11342905219331811,
      "f1_ci_low": 0.08287076593783535,
      "f1_ci_upp": 0.1214967659945915
    },
    "after": {
      "tp": 43,
      "fp": 424,
      "fn": 371,
      "precision": 0.09207708777471582,
      "recall": 0.1038647342744288,
      "f1": 0.09761634506242906,
      "precision_ci_low": 0.06907774468594077,
      "precision_ci_upp": 0.12173268021954226,
      "recall_ci_low": 0.07802828904639893,
      "recall_ci_upp": 0.13698498195418715,
      "f1_ci_low": 0.06609631007595226,
      "f1_ci_upp": 0.12913638004890585
    }
  },
  "gemini/gemini-1.5-pro": {
    "before": {
      "tp": 100,
      "fp": 388,
      "fn": 1324,
      "precision": 0.20491803274489384,
      "recall": 0.07022471909619209,
      "f1": 0.10460251046025106,
      "precision_ci_low": 0.17147601926892986,
      "precision_ci_upp": 0.24296943904898438,
      "recall_ci_low": 0.058076792569263916,
      "recall_ci_upp": 0.08468517694873438,
      "f1_ci_low": 0.08173619917784085,
      "f1_ci_upp": 0.12746882174266128
    },
    "after": {
      "tp": 18,
      "fp": 95,
      "fn": 259,
      "precision": 0.15929203525726368,
      "recall": 0.06498194943502456,
      "f1": 0.09230769230769231,
      "precision_ci_low": 0.10320048744704044,
      "precision_ci_upp": 0.23778685748020115,
      "recall_ci_low": 0.04149599290016398,
      "recall_ci_upp": 0.1003685985600708,
      "f1_ci_low": 0.04448413802219211,
      "f1_ci_upp": 0.1401312465931925
    }
  },
  "gpt-4-turbo-2024-04-09": {
    "before": {
      "tp": 156,
      "fp": 1265,
      "fn": 1324,
      "precision": 0.10978184376426588,
      "recall": 0.10540540539828341,
      "f1": 0.10754912099276111,
      "precision_ci_low": 0.09456760389375576,
      "precision_ci_upp": 0.1271001871895471,
      "recall_ci_low": 0.09076935518927726,
      "recall_ci_upp": 0.12208455648920757,
      "f1_ci_low": 0.08956781010640658,
      "f1_ci_upp": 0.12553043187911564
    },
    "after": {
      "tp": 22,
      "fp": 238,
      "fn": 202,
      "precision": 0.08461538458284024,
      "recall": 0.09821428567044005,
      "f1": 0.09090909090909093,
      "precision_ci_low": 0.05654129192340599,
      "precision_ci_upp": 0.12478524801665339,
      "recall_ci_low": 0.06575622157360356,
      "recall_ci_upp": 0.14422074692160008,
      "f1_ci_low": 0.04948825355275192,
      "f1_ci_upp": 0.13232992826542994
    }
  },
  "gpt-4o-2024-05-13": {
    "before": {
      "tp": 176,
      "fp": 1626,
      "fn": 1201,
      "precision": 0.09766925637637795,
      "recall": 0.12781408858912024,
      "f1": 0.11072664359861592,
      "precision_ci_low": 0.08480628698645705,
      "precision_ci_upp": 0.11224393416256707,
      "recall_ci_low": 0.1112086512989216,
      "recall_ci_upp": 0.1464903456044594,
      "f1_ci_low": 0.09331645812933068,
      "f1_ci_upp": 0.12813682906790116
    },
    "after": {
      "tp": 40,
      "fp": 464,
      "fn": 287,
      "precision": 0.07936507934933232,
      "recall": 0.12232415898399872,
      "f1": 0.09626955475330926,
      "precision_ci_low": 0.05882309520312609,
      "precision_ci_upp": 0.10627067050751551,
      "recall_ci_low": 0.09113108908455404,
      "recall_ci_upp": 0.16228775122509898,
      "f1_ci_low": 0.06373874111919377,
      "f1_ci_upp": 0.12880036838742476
    }
  }
}
