{
  "claude-3-haiku-20240307": {
    "before": {
      "tp": 74,
      "fp": 673,
      "fn": 1168,
      "precision": 0.09906291832676534,
      "recall": 0.05958132044608846,
      "f1": 0.07440925087983913,
      "precision_ci_low": 0.07964733064616618,
      "precision_ci_upp": 0.12258105863215531,
      "recall_ci_low": 0.047725206966957874,
      "recall_ci_upp": 0.07415342995400825,
      "f1_ci_low": 0.05532780501833938,
      "f1_ci_upp": 0.09349069674133888
    },
    "after": {
      "tp": 22,
      "fp": 265,
      "fn": 392,
      "precision": 0.07665505223809928,
      "recall": 0.053140096605521714,
      "f1": 0.06276747503566335,
      "precision_ci_low": 0.051164132936143455,
      "precision_ci_upp": 0.11332912402482072,
      "recall_ci_low": 0.03535167462983258,
      "recall_ci_upp": 0.07914500302326755,
      "f1_ci_low": 0.03294786284049295,
      "f1_ci_upp": 0.09258708723083375
    }
  },
  "claude-3-opus-20240229": {
    "before": {
      "tp": 173,
      "fp": 588,
      "fn": 1069,
      "precision": 0.22733245726316262,
      "recall": 0.1392914653672068,
      "f1": 0.1727408886669995,
      "precision_ci_low": 0.19896813425106674,
      "precision_ci_upp": 0.25843575617102577,
      "recall_ci_low": 0.12114474057133906,
      "recall_ci_upp": 0.15966262568202993,
      "f1_ci_low": 0.14738386128912478,
      "f1_ci_upp": 0.1980979160448742
    },
    "after": {
      "tp": 57,
      "fp": 286,
      "fn": 357,
      "precision": 0.1661807579690435,
      "recall": 0.13768115938703354,
      "f1": 0.15059445178335537,
      "precision_ci_low": 0.130528916374063,
      "precision_ci_upp": 0.20922706095739657,
      "recall_ci_low": 0.10780668651258783,
      "recall_ci_upp": 0.1742176467196555,
      "f1_ci_low": 0.11124517636939299,
      "f1_ci_upp": 0.18994372719731775
    }
  },
  "claude-3-sonnet-20240229": {
    "before": {
      "tp": 129,
      "fp": 946,
      "fn": 1112,
      "precision": 0.1199999999888372,
      "recall": 0.10394842867816692,
      "f1": 0.11139896373056993,
      "precision_ci_low": 0.10191487948864675,
      "precision_ci_upp": 0.1407912722631768,
      "recall_ci_low": 0.08817282983172126,
      "recall_ci_upp": 0.1221683802600046,
      "f1_ci_low": 0.09100539960149956,
      "f1_ci_upp": 0.1317925278596403
    },
    "after": {
      "tp": 56,
      "fp": 410,
      "fn": 358,
      "precision": 0.12017167379395458,
      "recall": 0.1352657004504189,
      "f1": 0.12727272727272726,
      "precision_ci_low": 0.09371192619748749,
      "precision_ci_upp": 0.15284243090726252,
      "recall_ci_low": 0.10565519370114902,
      "recall_ci_upp": 0.17158263508597593,
      "f1_ci_low": 0.09267020288103536,
      "f1_ci_upp": 0.16187525166441916
    }
  },
  "gemini/gemini-1.5-pro": {
    "before": {
      "tp": 108,
      "fp": 349,
      "fn": 1268,
      "precision": 0.23632385115178908,
      "recall": 0.07848837208731915,
      "f1": 0.11783960720130932,
      "precision_ci_low": 0.199673052789792,
      "precision_ci_upp": 0.277370526108848,
      "recall_ci_low": 0.06542327903792479,
      "recall_ci_upp": 0.09390042979496206,
      "f1_ci_low": 0.09343268785362964,
      "f1_ci_upp": 0.142246526548989
    },
    "after": {
      "tp": 24,
      "fp": 88,
      "fn": 253,
      "precision": 0.21428571409438776,
      "recall": 0.08664259924669941,
      "f1": 0.12339331619537275,
      "precision_ci_low": 0.14844068354005338,
      "precision_ci_upp": 0.29908008621248594,
      "recall_ci_low": 0.05891378101119794,
      "recall_ci_upp": 0.12567954448421187,
      "f1_ci_low": 0.07022950633424191,
      "f1_ci_upp": 0.1765571260565036
    }
  },
  "gpt-4-turbo-2024-04-09": {
    "before": {
      "tp": 168,
      "fp": 1173,
      "fn": 1264,
      "precision": 0.12527964204882328,
      "recall": 0.1173184357459973,
      "f1": 0.12116840966462315,
      "precision_ci_low": 0.10862523288616975,
      "precision_ci_upp": 0.1440747836040303,
      "recall_ci_low": 0.1016659514481808,
      "recall_ci_upp": 0.13501857714860288,
      "f1_ci_low": 0.10199945652660723,
      "f1_ci_upp": 0.1403373628026391
    },
    "after": {
      "tp": 21,
      "fp": 240,
      "fn": 203,
      "precision": 0.08045977008411502,
      "recall": 0.09374999995814733,
      "f1": 0.0865979381443299,
      "precision_ci_low": 0.05322574004097413,
      "precision_ci_upp": 0.11986445144498278,
      "recall_ci_low": 0.06213681103289215,
      "recall_ci_upp": 0.13906212377892488,
      "f1_ci_low": 0.04597935687376019,
      "f1_ci_upp": 0.1272165194148996
    }
  },
  "gpt-4o-2024-05-13": {
    "before": {
      "tp": 176,
      "fp": 1538,
      "fn": 1153,
      "precision": 0.10268378062411412,
      "recall": 0.13243039878612262,
      "f1": 0.11567532040749261,
      "precision_ci_low": 0.08919055221890747,
      "precision_ci_upp": 0.11795397616206481,
      "recall_ci_low": 0.1152617689290138,
      "recall_ci_upp": 0.15171781552624825,
      "f1_ci_low": 0.09761373840803458,
      "f1_ci_upp": 0.13373690240695063
    },
    "after": {
      "tp": 47,
      "fp": 453,
      "fn": 280,
      "precision": 0.0939999999812,
      "recall": 0.1437308868061985,
      "f1": 0.11366384522370013,
      "precision_ci_low": 0.0714264085922213,
      "precision_ci_upp": 0.12276455586255913,
      "recall_ci_low": 0.1098396163715745,
      "recall_ci_upp": 0.18589556497315887,
      "f1_ci_low": 0.07905340780564496,
      "f1_ci_upp": 0.1482742826417553
    }
  }
}
