{
  "claude-3-haiku-20240307": {
    "fp": 766,
    "before": {
      "tp": 62,
      "fn": 921,
      "precision": 0.07487922704409672,
      "recall": 0.06307222786743924,
      "f1": 0.06847045831032579,
      "precision_ci_low": 0.05884924723469296,
      "precision_ci_upp": 0.09483563762538075,
      "recall_ci_low": 0.04951109078770897,
      "recall_ci_upp": 0.08003500567794682,
      "f1_ci_low": 0.04932304799206925,
      "f1_ci_upp": 0.08761786862858234
    },
    "after": {
      "tp": 22,
      "fn": 392,
      "precision": 0.027918781722345333,
      "recall": 0.053140096605521714,
      "f1": 0.036605657237936774,
      "precision_ci_low": 0.018508305073984904,
      "precision_ci_upp": 0.0419096716406284,
      "recall_ci_low": 0.03535167462983258,
      "recall_ci_upp": 0.07914500302326755,
      "f1_ci_low": 0.018423555655402827,
      "f1_ci_upp": 0.054787758820470725
    }
  },
  "claude-3-opus-20240229": {
    "fp": 745,
    "before": {
      "tp": 127,
      "fn": 856,
      "precision": 0.14564220181816032,
      "recall": 0.12919633772846426,
      "f1": 0.13692722371967656,
      "precision_ci_low": 0.12378337952283791,
      "precision_ci_upp": 0.170609465465196,
      "recall_ci_low": 0.10966291051306237,
      "recall_ci_upp": 0.15161660557944417,
      "f1_ci_low": 0.11252903818938106,
      "f1_ci_upp": 0.16132540924997205
    },
    "after": {
      "tp": 57,
      "fn": 357,
      "precision": 0.07107231919313313,
      "recall": 0.13768115938703354,
      "f1": 0.09375,
      "precision_ci_low": 0.05525913600072714,
      "precision_ci_upp": 0.09097491231089584,
      "recall_ci_low": 0.10780668651258783,
      "recall_ci_upp": 0.1742176467196555,
      "f1_ci_low": 0.06685686520263875,
      "f1_ci_upp": 0.12064313479736125
    }
  },
  "claude-3-sonnet-20240229": {
    "fp": 1142,
    "before": {
      "tp": 103,
      "fn": 879,
      "precision": 0.08273092368813406,
      "recall": 0.10488798369603992,
      "f1": 0.09250112258643917,
      "precision_ci_low": 0.0686822710661547,
      "precision_ci_upp": 0.09934663071201948,
      "recall_ci_low": 0.08723875716859737,
      "recall_ci_upp": 0.12561642044963295,
      "f1_ci_low": 0.07303445426633258,
      "f1_ci_upp": 0.11196779090654575
    },
    "after": {
      "tp": 56,
      "fn": 358,
      "precision": 0.046744574286582255,
      "recall": 0.1352657004504189,
      "f1": 0.06947890818858561,
      "precision_ci_low": 0.036171467136744205,
      "precision_ci_upp": 0.060215171858355405,
      "recall_ci_low": 0.10565519370114902,
      "recall_ci_upp": 0.17158263508597593,
      "f1_ci_low": 0.04824919019597935,
      "f1_ci_upp": 0.09070862618119188
    }
  },
  "gemini/gemini-1.5-pro": {
    "fp": 358,
    "before": {
      "tp": 89,
      "fn": 1029,
      "precision": 0.1991051453693277,
      "recall": 0.07960644006443592,
      "f1": 0.11373801916932909,
      "precision_ci_low": 0.16471907423085058,
      "precision_ci_upp": 0.23861885147002204,
      "recall_ci_low": 0.06514112660909188,
      "recall_ci_upp": 0.09695081373678383,
      "f1_ci_low": 0.08794421152299811,
      "f1_ci_upp": 0.13953182681566006
    },
    "after": {
      "tp": 24,
      "fn": 253,
      "precision": 0.06282722511444314,
      "recall": 0.08664259924669941,
      "f1": 0.07283763277693474,
      "precision_ci_low": 0.04257981103661206,
      "precision_ci_upp": 0.09177967168757484,
      "recall_ci_low": 0.05891378101119794,
      "recall_ci_upp": 0.12567954448421187,
      "f1_ci_low": 0.040182060216267586,
      "f1_ci_upp": 0.1054932053376019
    }
  },
  "gpt-4-turbo-2024-04-09": {
    "fp": 1189,
    "before": {
      "tp": 138,
      "fn": 1036,
      "precision": 0.10399397135614212,
      "recall": 0.11754684837158885,
      "f1": 0.11035585765693723,
      "precision_ci_low": 0.08869722739939045,
      "precision_ci_upp": 0.12157684917519385,
      "recall_ci_low": 0.10035880466871666,
      "recall_ci_upp": 0.13722958783096958,
      "f1_ci_low": 0.09080073256032874,
      "f1_ci_upp": 0.12991098275354573
    },
    "after": {
      "tp": 21,
      "fn": 203,
      "precision": 0.017355371899392118,
      "recall": 0.09374999995814733,
      "f1": 0.029288702928870293,
      "precision_ci_low": 0.011379166550828986,
      "precision_ci_upp": 0.026386439894374596,
      "recall_ci_low": 0.06213681103289215,
      "recall_ci_upp": 0.13906212377892488,
      "f1_ci_low": 0.013350177045018466,
      "f1_ci_upp": 0.04522722881272212
    }
  },
  "gpt-4o-2024-05-13": {
    "fp": 1661,
    "before": {
      "tp": 139,
      "fn": 932,
      "precision": 0.0772222222179321,
      "recall": 0.1297852474201881,
      "f1": 0.09683037269244166,
      "precision_ci_low": 0.06577090509687386,
      "precision_ci_upp": 0.09047423354460904,
      "recall_ci_low": 0.11097385439322445,
      "recall_ci_upp": 0.1512429186087474,
      "f1_ci_low": 0.07923118325123303,
      "f1_ci_upp": 0.11442956213365028
    },
    "after": {
      "tp": 47,
      "fn": 280,
      "precision": 0.027517564401199204,
      "recall": 0.1437308868061985,
      "f1": 0.04619164619164619,
      "precision_ci_low": 0.02075634564195043,
      "precision_ci_upp": 0.036399332132145634,
      "recall_ci_low": 0.1098396163715745,
      "recall_ci_upp": 0.18589556497315887,
      "f1_ci_low": 0.02976199444214135,
      "f1_ci_upp": 0.06262129794115102
    }
  }
}
