{
  "vulns_per_revisions": 4.25976046041375,
  "revisions_per_vuln": 1.136584353600332
}
